{"configuration" : {"disable_offline_banner" : false,"show_video_before_interstitial" : false,"video_interval" : 30,"slider_position" : "RIGHT","interstitial_interval" : 75,"video_preroll" : true,"items_between_native_ads" : 5,"return_ads" : false}, "sectors":[{"share":100,"codes":[{"provider":"STARTAPP","format":"BANNER","code":"109630816,210207758"},{"provider":"STARTAPP","format":"INTERSTITIAL","code":"109630816,210207758"},{"provider":"WEB","format":"BANNER","code":"http://js.ads.mobincube.com/ads?appid\u003d{appId}\u0026screensize\u003d{screenSize}\u0026language\u003d{language}\u0026country\u003d{ISOCountry}\u0026location\u003d{location}\u0026locality\u003d{locality}\u0026adminarea\u003d{adminArea}\u0026subadminarea\u003d{subAdminArea}\u0026postalcode\u003d{postalCode}\u0026connection\u003d{dataConnection}\u0026carrier\u003d{carrierName}\u0026instanceid\u003d{instance}\u0026appbuildtime\u003d{appBuildTime}\u0026advertisingid\u003d{ADSID}\u0026premium\u003d1\u0026adtype\u003d1"},{"provider":"WEB","format":"INTERSTITIAL","code":"http://js.ads.mobincube.com/ads?appid\u003d{appId}\u0026screensize\u003d{screenSize}\u0026language\u003d{language}\u0026country\u003d{ISOCountry}\u0026location\u003d{location}\u0026locality\u003d{locality}\u0026adminarea\u003d{adminArea}\u0026subadminarea\u003d{subAdminArea}\u0026postalcode\u003d{postalCode}\u0026connection\u003d{dataConnection}\u0026carrier\u003d{carrierName}\u0026instanceid\u003d{instance}\u0026appbuildtime\u003d{appBuildTime}\u0026advertisingid\u003d{ADSID}\u0026premium\u003d1\u0026adtype\u003d2"},{"provider":"WEB","format":"SLIDER","code":"http://js.ads.mobincube.com/ads?appid\u003d{appId}\u0026screensize\u003d{screenSize}\u0026language\u003d{language}\u0026country\u003d{ISOCountry}\u0026location\u003d{location}\u0026locality\u003d{locality}\u0026adminarea\u003d{adminArea}\u0026subadminarea\u003d{subAdminArea}\u0026postalcode\u003d{postalCode}\u0026connection\u003d{dataConnection}\u0026carrier\u003d{carrierName}\u0026instanceid\u003d{instance}\u0026appbuildtime\u003d{appBuildTime}\u0026advertisingid\u003d{ADSID}\u0026premium\u003d1\u0026adtype\u003d4"}]}]}